[{"model": "shelves.customer", "pk": 1, "fields": {"name": "Sharee Amaya", "code": 2, "author": 1}}, {"model": "shelves.customer", "pk": 2, "fields": {"name": "Shannan Macon", "code": 1, "author": 1}}, {"model": "shelves.customer", "pk": 4, "fields": {"name": "Larisa Overfield", "code": 4, "author": 1}}, {"model": "shelves.customer", "pk": 5, "fields": {"name": "Jarod Cliff", "code": 5, "author": 1}}, {"model": "shelves.customer", "pk": 6, "fields": {"name": "Kandis Dahle", "code": 6, "author": 1}}, {"model": "shelves.customer", "pk": 9, "fields": {"name": "Theodore Kaler", "code": 3, "author": 4}}, {"model": "shelves.shelf", "pk": 10, "fields": {"name": "Green Light", "desc": "", "cols": 2, "rows": 4, "nums": 8, "author": 1}}, {"model": "shelves.shelf", "pk": 12, "fields": {"name": "Kriptonite K1", "desc": "", "cols": 2, "rows": 6, "nums": 12, "author": 1}}, {"model": "shelves.shelf", "pk": 13, "fields": {"name": "Heal\u2019s Tower", "desc": "", "cols": null, "rows": null, "nums": 7, "author": 1}}, {"model": "shelves.shelf", "pk": 14, "fields": {"name": "Muuto Stacked", "desc": "", "cols": null, "rows": null, "nums": 6, "author": 1}}, {"model": "shelves.shelf", "pk": 15, "fields": {"name": "Royal", "desc": "", "cols": 4, "rows": 4, "nums": 16, "author": 1}}, {"model": "shelves.container", "pk": 84, "fields": {"shelf": 10, "col": 1, "row": 1}}, {"model": "shelves.container", "pk": 85, "fields": {"shelf": 10, "col": 1, "row": 2}}, {"model": "shelves.container", "pk": 86, "fields": {"shelf": 10, "col": 1, "row": 3}}, {"model": "shelves.container", "pk": 87, "fields": {"shelf": 10, "col": 1, "row": 4}}, {"model": "shelves.container", "pk": 88, "fields": {"shelf": 10, "col": 2, "row": 1}}, {"model": "shelves.container", "pk": 89, "fields": {"shelf": 10, "col": 2, "row": 2}}, {"model": "shelves.container", "pk": 90, "fields": {"shelf": 10, "col": 2, "row": 3}}, {"model": "shelves.container", "pk": 91, "fields": {"shelf": 10, "col": 2, "row": 4}}, {"model": "shelves.container", "pk": 95, "fields": {"shelf": 12, "col": 1, "row": 1}}, {"model": "shelves.container", "pk": 96, "fields": {"shelf": 12, "col": 1, "row": 2}}, {"model": "shelves.container", "pk": 97, "fields": {"shelf": 12, "col": 1, "row": 3}}, {"model": "shelves.container", "pk": 98, "fields": {"shelf": 12, "col": 1, "row": 4}}, {"model": "shelves.container", "pk": 99, "fields": {"shelf": 12, "col": 1, "row": 5}}, {"model": "shelves.container", "pk": 100, "fields": {"shelf": 12, "col": 1, "row": 6}}, {"model": "shelves.container", "pk": 101, "fields": {"shelf": 12, "col": 2, "row": 1}}, {"model": "shelves.container", "pk": 102, "fields": {"shelf": 12, "col": 2, "row": 2}}, {"model": "shelves.container", "pk": 103, "fields": {"shelf": 12, "col": 2, "row": 3}}, {"model": "shelves.container", "pk": 104, "fields": {"shelf": 12, "col": 2, "row": 4}}, {"model": "shelves.container", "pk": 105, "fields": {"shelf": 12, "col": 2, "row": 5}}, {"model": "shelves.container", "pk": 106, "fields": {"shelf": 12, "col": 2, "row": 6}}, {"model": "shelves.container", "pk": 107, "fields": {"shelf": 13, "col": null, "row": null}}, {"model": "shelves.container", "pk": 108, "fields": {"shelf": 13, "col": null, "row": null}}, {"model": "shelves.container", "pk": 109, "fields": {"shelf": 13, "col": null, "row": null}}, {"model": "shelves.container", "pk": 110, "fields": {"shelf": 13, "col": null, "row": null}}, {"model": "shelves.container", "pk": 111, "fields": {"shelf": 13, "col": null, "row": null}}, {"model": "shelves.container", "pk": 112, "fields": {"shelf": 13, "col": null, "row": null}}, {"model": "shelves.container", "pk": 113, "fields": {"shelf": 13, "col": null, "row": null}}, {"model": "shelves.container", "pk": 114, "fields": {"shelf": 14, "col": null, "row": null}}, {"model": "shelves.container", "pk": 115, "fields": {"shelf": 14, "col": null, "row": null}}, {"model": "shelves.container", "pk": 116, "fields": {"shelf": 14, "col": null, "row": null}}, {"model": "shelves.container", "pk": 117, "fields": {"shelf": 14, "col": null, "row": null}}, {"model": "shelves.container", "pk": 118, "fields": {"shelf": 14, "col": null, "row": null}}, {"model": "shelves.container", "pk": 119, "fields": {"shelf": 14, "col": null, "row": null}}, {"model": "shelves.container", "pk": 120, "fields": {"shelf": 15, "col": 1, "row": 1}}, {"model": "shelves.container", "pk": 121, "fields": {"shelf": 15, "col": 1, "row": 2}}, {"model": "shelves.container", "pk": 122, "fields": {"shelf": 15, "col": 1, "row": 3}}, {"model": "shelves.container", "pk": 123, "fields": {"shelf": 15, "col": 1, "row": 4}}, {"model": "shelves.container", "pk": 124, "fields": {"shelf": 15, "col": 2, "row": 1}}, {"model": "shelves.container", "pk": 125, "fields": {"shelf": 15, "col": 2, "row": 2}}, {"model": "shelves.container", "pk": 126, "fields": {"shelf": 15, "col": 2, "row": 3}}, {"model": "shelves.container", "pk": 127, "fields": {"shelf": 15, "col": 2, "row": 4}}, {"model": "shelves.container", "pk": 128, "fields": {"shelf": 15, "col": 3, "row": 1}}, {"model": "shelves.container", "pk": 129, "fields": {"shelf": 15, "col": 3, "row": 2}}, {"model": "shelves.container", "pk": 130, "fields": {"shelf": 15, "col": 3, "row": 3}}, {"model": "shelves.container", "pk": 131, "fields": {"shelf": 15, "col": 3, "row": 4}}, {"model": "shelves.container", "pk": 132, "fields": {"shelf": 15, "col": 4, "row": 1}}, {"model": "shelves.container", "pk": 133, "fields": {"shelf": 15, "col": 4, "row": 2}}, {"model": "shelves.container", "pk": 134, "fields": {"shelf": 15, "col": 4, "row": 3}}, {"model": "shelves.container", "pk": 135, "fields": {"shelf": 15, "col": 4, "row": 4}}, {"model": "shelves.binder", "pk": 4, "fields": {"title": "Don Quixote by Miguel de Cervantes", "customer": 1, "container": 84, "content": "", "color": "", "updated": "2017-10-10T03:39:37.113Z"}}, {"model": "shelves.binder", "pk": 5, "fields": {"title": "In Search of Lost Time by Marcel Proust", "customer": 2, "container": 84, "content": "", "color": "", "updated": "2017-10-10T03:39:45.946Z"}}, {"model": "shelves.binder", "pk": 7, "fields": {"title": "The Odyssey by Homer", "customer": 4, "container": 103, "content": "", "color": "", "updated": "2017-10-10T03:40:09.702Z"}}, {"model": "shelves.binder", "pk": 8, "fields": {"title": "War and Peace by Leo Tolstoy", "customer": 6, "container": 128, "content": "", "color": "", "updated": "2017-10-10T03:40:23.145Z"}}, {"model": "shelves.binder", "pk": 9, "fields": {"title": "Moby Dick by Herman Melville", "customer": 5, "container": 90, "content": "", "color": "", "updated": "2017-10-10T03:41:07.203Z"}}]